ID,pubYear,best_common,best_full,stat,bio
30304689,2018,10KIP,10000 Immunomes Project,opaque,opaque
33175170,2021,2019nCoVR,2019 Novel Coronavirus Resource,translucent,translucent
24526713,2014,3DGD,3D Genome Database,opaque,opaque
33245777,2021,3DIV,3D-genome Interaction Viewer and database,opaque,opaque
28413782,2017,APMicroDB,database of Aphid Microsatellite Repeats,translucent,opaque
34174131,2021,CanVaS,Greek Cancer Patient Genetic Variation Resource,opaque,opaque
30215764,2019,AWESOME,A Website Exhibits SNP On Modification Event,opaque,opaque
27242034,2016,Abasy,Across Bacteria Systems Atlas,opaque,opaque
28365761,2017,PhagesDB,Actinobacteriophage Database,opaque,translucent
27982098,2016,ARN,Adipogenesis Regulation Network,opaque,opaque
25361966,2015,ADReCS,Adverse Drug Reaction Classification System,opaque,opaque
25516260,2014,Bioclock,Aedes aegypti Circadian Database,opaque,opaque
32294195,2020,ASFVdb,African swine fever virus database,opaque,opaque
20949389,2011,ACSR,AIDS and Cancer Specimen Resource,opaque,opaque
26644461,2016,ALCOdb,Algae Gene Coexpression database,opaque,opaque
28069893,2017,Alga-PrAS,Algal Protein Annotation Suite database,opaque,translucent
25414323,2015,AFND,Allele Frequency Net Database,opaque,opaque
24888382,2014,AAIR,Allergic Airway Inflammation Repository,opaque,opaque
31665428,2020,ASD,Allosteric Database,opaque,opaque
22753137,2012,ALSoD,ALS Online Database,opaque,opaque
28160322,2017,ATLAS,Altered TCR Ligand Affinities and Structures,translucent,opaque
31501752,2019,ABCD,Alzheimer's disease Biomarkers Comprehensive Database,opaque,opaque
31094220,2019,AmyCo,amyloidoses collection,opaque,opaque
32765587,2020,ABC-GWAS,Analysis of Breast Cancer GWAS,translucent,translucent
30893420,2019,AYbRAH,Analyzing Yeasts by Reconstructing Ancestry of Homologs,opaque,opaque
33852582,2021,AlnC,Angiosperms long non-coding RNAs catalogue,opaque,opaque
34839012,2021,ASER,Animal Sex Reversal Database,opaque,opaque
30937442,2019,ASRA,Animal sncRNA Atlas,opaque,opaque
31036810,2019,ASNR,Animal Social Network Repository,opaque,opaque
25262351,2015,AnimalTFDB,Animal Transcription Factor DataBase,translucent,transparent
26822210,2016,ASDB,Annotated Scaffold Database,opaque,opaque
29321052,2018,ASGDB,Anopheles sinensis genome database,opaque,opaque
33588073,2021,ASDB,Anopheles sinensis omics database,opaque,opaque
23317704,2012,AMDD,anti microbial drug database,opaque,opaque
34497528,2021,ACNPD,anti-cancer natural product database,opaque,opaque
31123286,2019,AICD,Anti-Inflammatory Compounds Database,opaque,opaque
31410491,2020,ABCD,AntiBodies Chemically Defined,opaque,opaque
26074488,2015,CancerHSP,anticancer herbs database of systems pharmacology,translucent,translucent
24307774,2013,DIACAN,Antidiabetic and Anticancer Medicinal Plants Database,opaque,opaque
24475134,2014,ASDCD,Antifungal Synergistic Drug Combination Database,opaque,opaque
25048123,2014,AgAbDb,Antigen-Antibody Interaction Database,opaque,opaque
32584882,2020,ACD,Antimicrobial chemotherapeutics database,opaque,opaque
34529321,2022,APD,antimicrobial peptide database,opaque,opaque
28784999,2017,AOD,Antioxidant Database,opaque,opaque
22084200,2012,AH-DB,Apo-Holo DataBase,opaque,opaque
34556150,2021,AprGPD,apricot genomic and phenotypic database,opaque,opaque
24272250,2014,RARGE II,Arabidopsis Genome Encyclopedia II,opaque,opaque
22345505,2012,ANAP,Arabidopsis Network Analysis Pipeline,opaque,opaque
31843802,2020,ASRD,Arabidopsis Small RNA Database,opaque,opaque
33219693,2021,AtMAD,Arabidopsis thaliana Multi-omics Association Database,opaque,opaque
22397531,2012,AtPAN,Arabidopsis thaliana Promoter Analysis Net,opaque,opaque
27899679,2017,AtPID,Arabidopsis thaliana Protein Interactome Database,opaque,opaque
23904744,2013,ASRDb,Archaeal Stress Response Database,opaque,opaque
31347432,2020,ANDB,Areca nut database,opaque,opaque
34738791,2021,AroCageDB,Aromatic Cage Database,opaque,translucent
34154536,2021,TeaAS,AS database for tea plants,opaque,translucent
22080559,2012,AspGD,Aspergillus Genome Database,opaque,translucent
28779078,2017,A2MDB,Aspergillus Secondary Metabolites Database,opaque,opaque
22057158,2012,AURA,Atlas of UTR Regulatory Activity,opaque,opaque
29077946,2018,ARED-Plus,AU-Rich Element Database,opaque,opaque
32291734,2020,AELP,Auditory English Lexicon Project,opaque,opaque
23774715,2014,ABIDE,Autism Brain Imaging Data Exchange,opaque,opaque
32449934,2020,ASAP,Automated Single-cell Analysis Portal,opaque,opaque
32681639,2020,ATdb,Autophagy and Tumor Database,opaque,opaque
25635527,2015,ARN,Autophagy Regulatory Network,opaque,opaque
30669929,2019,AutophagySMDB,Autophagy Small Molecule Database,translucent,transparent
30239683,2018,ATD,Autophagy To Disease,opaque,opaque
33176685,2020,AVIMM,Avian Immunome DB,opaque,opaque
24214959,2014,BacDive,Bacterial Diversity Metadatabase,opaque,translucent
33780471,2021,MCPdb,bacterial microcompartment database,opaque,opaque
22080550,2012,BYKdb,Bacterial protein tYrosine Kinase database,opaque,opaque
24399916,2013,bex-db,Barley Gene Expression Database,opaque,opaque
26110276,2015,BGD,Bat Genome Database,opaque,opaque
34264745,2021,BARRA:CuRDa,Benchmarking of ARtificial intelligence Research,opaque,opaque
32786900,2020,BCE,Bioactive Conformational Ensemble Server and Database,opaque,opaque
25477388,2015,BARD,BioAssay Research Database,opaque,opaque
25336620,2015,BARCdb,Biobanking Analysis Resource Catalogue,opaque,opaque
22250003,2012,BFGR,Biofuel Feedstock Genomics Resource,opaque,opaque
21904428,2011,Biogen base,BIOGEN BASE - CASSAVA,translucent,opaque
30476227,2019,BioGRID,Biological General Repository for Interaction Datasets,opaque,opaque
32026396,2020,BSM-Arc,Biological Structure Model Archive,opaque,opaque
34081565,2021,BEE,Biomedical Entity Explorer,opaque,opaque
21233089,2011,BIND,Biomolecular Interaction Network Database,opaque,opaque
26503249,2016,BDB,Biopanning Data Bank,opaque,opaque
30407529,2019,BioSamples,BioSample Database,translucent,transparent
26820405,2016,BARD,Biosurveillance Analytics Resource Directory,opaque,opaque
33010170,2021,BiG-FAM,biosynthetic gene cluster families,opaque,opaque
23390356,2013,BIRS,Bioterrorism Information Retrieval System,opaque,opaque
32369809,2020,BCD,Bird Chromosome Database,opaque,opaque
34736471,2021,BDdb,birth defect multi-omics database,opaque,opaque
21335611,2011,B2G-FAR,Blast2GO Functional Annotation Repository,opaque,opaque
22084196,2012,BGMUT,Blood Group Antigen Gene Mutation Database,opaque,opaque
34897852,2022,BGvar,Blood Group Associated Genomic Variant Resource,opaque,opaque
24250117,2013,BBGD454,blueberry genomic database,opaque,opaque
28365726,2017,BMW,Boechera Microsatellite Website,opaque,opaque
31647100,2020,BGD,Bovine Genome Database,opaque,opaque
32540200,2020,BGVD,Bovine Genome Variation Database,opaque,translucent
24077841,2013,BBGRE,Brain and Body Genetic Resource Exchange,opaque,opaque
34144671,2021,BCGene,brain cancer gene database,opaque,translucent
29985970,2019,BrainEXP,Brain EXPression Database,translucent,transparent
26794641,2017,BRAINS,Brain Images of Normal Subjects,translucent,transparent
25784642,2015,Brain Tumor,Brain Tumor Database,translucent,transparent
26589635,2015,BRAD,Brassica database,opaque,opaque
23203881,2013,BRENDA,BRaunschweig ENzyme DAtabase,opaque,opaque
24570022,2014,BGBX,Brazilian Genetic Database of Chromosome X,opaque,opaque
25332396,2015,BCCTBbp,Breast Cancer Campaign Tissue Bank,opaque,opaque
33599248,2021,bc-GenExMiner,Breast cancer gene-expression miner,opaque,translucent
28327601,2017,BCIP,Breast Cancer Integrative Platform,opaque,opaque
29136180,2018,BCNTB,Breast Cancer Now Tissue Bank bioinformatics,opaque,opaque
33882119,2021,BC-TFdb,Breast Cancer Transcription Factors database,opaque,translucent
28821760,2017,BOSS,Breast Oncogenic Specific siRNAs,opaque,opaque
23336431,2013,BuffSatDB,Buffalo MicroSatellite Database,opaque,translucent
27701074,2017,CeNDR,C. elegans Natural Diversity Resource,opaque,opaque
26519468,2016,ccmGDB,Cancer Cell Metabolism Gene DataBase,opaque,opaque
23893318,2013,CDSA,Cancer Digital Slide Archive,opaque,opaque
23486013,2013,CancerDR,cancer drug resistance database,translucent,transparent
30759968,2019,CDRgator,Cancer Drug Resistance navigator,opaque,opaque
26160459,2015,CGMD,Cancer Gene Marker Database,opaque,opaque
23630576,2013,CMS,Cancer methylome system,opaque,opaque
25398898,2015,CMPD,cancer mutant proteome database,opaque,opaque
28473704,2017,CancerPDF,Cancer Peptidome Database of bioFluids,translucent,translucent
27192119,2016,dbCPG,Cancer Predisposition Gene Database,opaque,opaque
29860480,2018,dbCRSR,cancer radiosensitivity regulation factors database,opaque,opaque
34927675,2022,CRPMKB,cancer risk prediction model,opaque,opaque
26602695,2016,CRN,Cancer RNA-Seq Nexus,opaque,opaque
28191780,2017,CSCTT,Cancer Stem Cells Therapeutic Target Database,opaque,opaque
29036403,2018,CSCD,cancer-specific circRNA database,opaque,opaque
23486613,2013,CGOB,Candida Gene Order Browser,opaque,opaque
22064862,2012,CGD,Candida Genome Database,opaque,opaque
25190456,2015,CCGD,Candidate Cancer Gene Database,opaque,opaque
28651548,2017,CHD,Canis mtDNA HV1 database,opaque,opaque
25753703,2015,CSDB,Carbohydrate Structure Databases,opaque,opaque
28011601,2017,CSDB_GT,Carbohydrate Structure Glycosyltransferase Database,opaque,opaque
23514094,2013,CAZy,Carbohydrate-Active Enzymes database,opaque,opaque
24344970,2013,CVDHD,cardiovascular disease herbal database,opaque,opaque
34964846,2021,COGVIC,Catalog of Germline Variants in Cancer,opaque,opaque
28147217,2016,CCG,Catalogue of Cancer Genes,opaque,opaque
22621612,2012,C-GATE,catalogue of genes affected by transposable elements,opaque,opaque
23405067,2013,CHPC2012,Catalogue of Human Protein Complexes,opaque,opaque
25355519,2015,COSMIC,Catalogue Of Somatic Mutations In Cancer,opaque,opaque
24319146,2014,CSA,Catalytic Site Atlas,opaque,opaque
30967897,2019,croFGD,Catharanthus roseus Functional Genomics Database,opaque,opaque
23537399,2013,CDP,Cell Death Proteomics database,opaque,opaque
23203874,2013,CIL-CCDB,Cell Image Library-Cell Centered Database,opaque,opaque
25592564,2015,CELLX,Cell Index Database,opaque,opaque
33211888,2021,CSEA-DB,Cell type-Specific Enrichment Analysis DataBase,opaque,opaque
25861964,2015,CPD,Cellular Phenotype Database,opaque,opaque
26026167,2015,RPdb,cellular reprogramming database,opaque,opaque
24498619,2013,CHBMP,Centers for Disease Control and Prevention (CDC) Hemophilia B Mutation Project mutation list,opaque,opaque
22080563,2012,CADRE,Central Aspergillus Data REpository,opaque,opaque
25392417,2015,CeCaFDB,Central Carbon Metabolic Flux Database,opaque,opaque
25038066,2014,CSF-PR,Cerebrospinal Fluid Proteome Resource,opaque,opaque
26660198,2016,CB,Change Blindess Database,opaque,opaque
26862144,2016,CrAgDb,Chaperone repertoire in Archaeal genomes,opaque,opaque
33109630,2020,CKTTD,Checkpoint therapeutic target database,opaque,opaque
27899660,2017,CEBS,Chemical Effects in Biological Systems database,opaque,opaque
28962356,2015,CPCat,Chemical/Product Categories Database,opaque,opaque
33068420,2021,chewie-NS,Chewie Nomenclature Server,opaque,opaque
25518738,2014,CGWR,Chickpea Genomic Web Resource,opaque,opaque
24952649,2014,CicArMiSatDB,Chickpea Microsatellite Database,opaque,opaque
26322998,2015,CTDB,Chickpea Transcriptome Database,opaque,opaque
28383342,2017,CHEAR,Children's Health Exposure Analysis Resource,opaque,opaque
32952115,2020,CNGBdb,China National GeneBank DataBase,opaque,opaque
32705130,2020,CNSA,China National GeneBank Sequence Archive,opaque,opaque
30117424,2018,CZRC,China Zebrafish Resource Center,opaque,opaque
27173523,2016,CRRD,Chinchilla Research Resource Database,opaque,opaque
30208340,2018,CCGD-ESCC,Chinese Cancer Genomic Database-Esophageal Squamous Cell Carcinoma,opaque,opaque
25970778,2015,CEMTDD,Chinese Ethnic Minority Traditional Drug Database,opaque,opaque
33662628,2021,CGGA,Chinese Glioma Genome Atlas,opaque,opaque
29934697,2018,CLD,Chinese Lexical Database,opaque,opaque
35134148,2020,CATA,chromatin accessibility database,opaque,opaque
26868054,2016,CCSI,chromatin-chromatin spatial interaction,opaque,opaque
27472917,2016,CicerTransDB,Cicer Transcription Factor Database,opaque,opaque
30668638,2019,CMEP,Circulating MicroRNA Expression Profiling,opaque,opaque
30462313,2019,Cistrome DB,Cistrome Data Browser,opaque,transparent
32025315,2020,CitGVD,citrus genomic variation database,opaque,opaque
21718534,2011,CANGS,Cleaning and Analyzing Next Generation Sequences DataBase,opaque,opaque
24678985,2014,ClearedLeavesDB,Cleared Leaf Image Database,translucent,transparent
23696674,2013,CGD,Clinical Genomic Database,opaque,opaque
33306800,2020,CEG,Clusters of Essential Genes,opaque,opaque
33167031,2021,COG,Clusters of Orthologous Genes,opaque,opaque
25428365,2015,COGs,Clusters of Orthologous Groups of proteins,opaque,opaque
26051695,2015,ComiRNet,Co-clustered miRNA Regulatory Networks,opaque,opaque
31029701,2019,CoCoPUTs,Codon and Codon-Pair Usage Tables,opaque,opaque
26019122,2016,DX,COINS Data Exchange,opaque,opaque
22275896,2011,COINS,collaborative informatics and neuroimaging suite,opaque,opaque
32990755,2021,CSVS,Collaborative Spanish Variability Server,opaque,opaque
24265220,2014,CAMP,Collection of Antimicrobial Peptide,opaque,opaque
33423696,2021,COCONUT,COlleCtion of Open Natural prodUcTs,opaque,opaque
26048563,2015,CYCLoPs,Collection of Yeast Cells Localization Patterns,opaque,opaque
30357356,2019,CMAUP,Collective Molecular Activities of Useful Plants,opaque,opaque
31725864,2017,CRAFT,Colorado Richly Annotated Full-Text,opaque,opaque
30329086,2019,CAGm,Comparative Analysis of Germline Microsatellites,opaque,opaque
23193288,2013,CFGP,Comparative Fungal Genomics Platform,opaque,opaque
23093600,2013,CTD,Comparative Toxicogenomics Database,opaque,opaque
21269480,2011,CPASS,Comparison of Protein Active Site Structures,opaque,opaque
29020642,2017,cBiT,Compendium for Biomaterial Transcriptomics,opaque,opaque
24214993,2014,CPLM,Compendium of Protein Lysine Modifications,opaque,opaque
23661693,2013,CMAP,Complement Map Database,opaque,opaque
25333826,2015,COLMAR,Complex Mixture Analysis by NMR,opaque,opaque
26040787,2015,CARMO,comprehensive annotation of rice multi-omics data,opaque,opaque
31665441,2020,CARD,Comprehensive Antibiotic Resistance Database,opaque,opaque
22120664,2011,CPGR,Comprehensive Phytopathogen Genomics Resource,opaque,opaque
30357367,2019,CORUM,comprehensive resource of mammalian protein complexes,opaque,opaque
26450948,2015,CRCDA,Comprehensive resources for cancer NGS data analysis,opaque,opaque
28704505,2017,CSmiRTar,Condition-Specific miRNA Targets,opaque,translucent
23846747,2013,CoDNaS,Conformational Diversity of Native State,opaque,opaque
29126148,2018,CCDS,Consensus Coding Sequence,opaque,opaque
23197659,2013,CDD,Conserved Domain Database,opaque,opaque
26527719,2016,CEGA,Conserved Elements from Genomic Alignments,opaque,opaque
23228284,2012,CBS,Conserved regulatory Binding Sites,opaque,opaque
31269035,2019,COOLR,Cooperative Open Online Landslide Repository,opaque,opaque
27242036,2016,CoopTFD,Cooperative Transcription Factors Database,opaque,opaque
22826268,2012,CNVD,Copy Number Variation in Disease database,opaque,opaque
32257241,2020,CGDB,Coriander Genomics Database,opaque,opaque
33095860,2021,CNCDatabase,Cornell Non-coding Cancer driver Database,opaque,opaque
33009914,2021,CoVdb,coronavirus database,opaque,opaque
26868053,2016,CLD,Corvids Literature Database,opaque,opaque
28595571,2017,CottonFGD,Cotton Functional Genomic Database,translucent,transparent
34992626,2021,CottonGVD,cotton genomic variation database,translucent,transparent
33068433,2021,CovalentInDB,Covalent Inhibitor Database,opaque,translucent
30717315,2019,CBD,CRC biomarker database,opaque,opaque
26556651,2016,cropPAL,crop Proteins with Annotated Locations,opaque,translucent
22916227,2012,CLEARPOND,Cross-Linguistic Easy-Access Resource for Phonological and Orthographic Neighborhood Densities,opaque,opaque
22070882,2012,COD,Crystallography Open Database,opaque,opaque
26989154,2016,CSCdb,CSCs database,opaque,opaque
25885062,2015,CmMDb,Cucumis melo Microsatellites Database,opaque,opaque
30321383,2019,CuGenDB,Cucurbit Genomics Database,opaque,translucent
31979981,2020,CPAD,Curated Protein Aggregation Database,opaque,opaque
27226753,2016,Scratchpads,Cyanobacteria culture collection,opaque,opaque
26305368,2015,CKB,Cyanobacterial KnowledgeBase,opaque,opaque
26895996,2016,CFC,Cystic Fibrosis Cloud database,opaque,opaque
28603918,2017,CFTR-France,Cystic Fibrosis Transmembrane Conductance Regulator - France,opaque,opaque
21738316,2011,CytReD,Cytokine Receptor Database,opaque,opaque
31813095,2020,CMVdb,CytoMegaloVirus Infection Database,opaque,opaque
23601403,2013,FCDB,Czech Food Composition Database,opaque,opaque
21782820,2011,DFRMLI,Dana-Farber Repository for machine learning in immunology,opaque,opaque
26909679,2016,DsTRD,Danshen Transcriptional Resource Database,opaque,opaque
33079988,2021,DKK,Dark Kinase Knowledgebase,opaque,opaque
25505093,2015,diXa,data infrastructure for chemical safety assessment,opaque,opaque
31504765,2020,GMrepo,data repository for Gut Microbiota,opaque,opaque
31409791,2019,DRAMP,Data Repository of Antimicrobial Peptides,opaque,opaque
31560645,2019,DTM,"Data, Trends, and Maps",opaque,opaque
31160594,2019,PathoPhenoDB,database containing pathogen-to-phenotype associations,opaque,translucent
23516335,2013,DEBDOM,Database Exploring Banana Diversity of,opaque,opaque
22102573,2012,DBETH,Database for Bacterial ExoToxins,opaque,opaque
25754864,2015,mycoCLAP,database for characterized lignocellulose-active proteins of fungal origin,opaque,translucent
26055100,2015,dbHiMo,database for histone-modifying enzymes,opaque,opaque
32047897,2021,TRlnc,database for human regulatory information of lncRNAs,opaque,translucent
33007622,2020,DINAX,Database for Inherited Ataxia,opaque,opaque
28502574,2017,DINeR,Database for Insect Neuropeptide Research,opaque,opaque
26946289,2016,dbPEC,Database for Preeclampsia,opaque,opaque
26836976,2016,dbAARD,database of Aging and Age Related Disorders,opaque,opaque
23842462,2013,DBATE,DataBase of Alternative Transcripts Expression,opaque,opaque
26578581,2016,DBAASP,Database of Antimicrobial Activity and Structure of Peptides,opaque,opaque
25414358,2015,DB-AT,DataBase of Apicomplexa Transcriptomes,opaque,opaque
26503248,2016,dbMAE,database of autosomal monoallelic expression,opaque,opaque
24647629,2014,DBatVir,database of bat-associated viruses,opaque,opaque
25474259,2014,DBBP,DataBase of Binding Pairs in protein-nucleic acid interactions,opaque,opaque
23185043,2013,DoBISCUIT,Database of BIoSynthesis clusters,opaque,opaque
27650316,2016,DBSecSys,database of Burkholderia mallei and Burkholderia pseudomallei secretion systems,opaque,opaque
30016397,2019,dbCID,database of Cancer driver InDels,opaque,opaque
30379998,2020,dbCPM,database of Cancer Passenger Mutations,opaque,opaque
27789706,2017,CGDB,database of circadian genes in eukaryotes,opaque,opaque
21214365,2011,DBCAT,database of CpG islands and analytical tools,opaque,opaque
27153700,2016,dbDSM,database of Deleterious Synonymous Mutation,opaque,opaque
23203878,2013,D(2)P(2),Database of Disordered Protein Predictions,opaque,opaque
21938213,2011,DDTRP,Database of Drug Targets for Resistant Pathogens,opaque,opaque
31349169,2019,DEDuCT,Database of Endocrine Disrupting Chemicals and their Toxicity profiles,opaque,opaque
26727469,2016,dEMBF,Database of Enzymes of Microalgal Biofuel Feedstock,opaque,opaque
22467915,2012,DeOri,Database of Eukaryotic ORIs,opaque,opaque
28294141,2017,GEAR,database of Genomic Elements Associated with drug Resistance,opaque,opaque
24174537,2014,DGV,Database of Genomic Variants,opaque,opaque
24297256,2014,dbGaP,Database of Genotypes and Phenotypes,opaque,opaque
30665056,2019,dbHDPLS,database of human disease-related protein-ligand structures,opaque,opaque
26566288,2015,DBGC,Database of Human Gastric Cancer,opaque,opaque
22491796,2012,MSV3d,Database of human MisSense Variants,opaque,opaque
22080506,2012,DIGIT,Database of ImmunoGlobulins with Integrated Tools,opaque,opaque
23529715,2013,DIRUM,Database of Instruments for Resource Use Measurement,opaque,opaque
24194591,2014,LenVarDB,Database of length variant protein domains,opaque,translucent
34314366,2021,dbMCS,database of mutation Markers for anti-cancer drug Sensitivity,opaque,opaque
25002814,2014,DOR,Database of Olfactory Receptors,opaque,opaque
26073932,2015,Pedican,database of pediatric cancers,opaque,translucent
33216893,2020,DPL,database of peptide ligand,opaque,opaque
25534750,2014,dbPPT,database of Phosphorylation site in PlanTs,opaque,opaque
32472030,2020,dbPSP,database of phosphorylation sites in prokaryotes,opaque,opaque
23952586,2013,MycoSec,database of potential mycobacterial secretomes,opaque,translucent
31713636,2020,DisProt,Database of Protein Disorder,opaque,opaque
27478368,2016,PIMADb,database of protein-protein interactions in huge macromolecular assemblies,opaque,opaque
31581093,2021,DORMAN,Database of Reconstructed Metabolic Networks,opaque,opaque
30622655,2019,REXdb,database of retrotransposon protein domains,opaque,opaque
25228593,2014,RADB,Database of Rheumatoid Arthritis-related Polymorphisms,opaque,opaque
23074185,2013,DARNED,DAtabase of RNa EDiting in humans,opaque,opaque
30668832,2019,DASHR,Database of small human noncoding RNAs,opaque,opaque
23846594,2013,DoSA,Database of Structural Alignments,opaque,opaque
33641184,2022,DbStRiPs,Database of Structural Repeats in Proteins,opaque,opaque
27924039,2017,FlyRNAi,database of the Drosophila RNAi Screening Center ,translucent,transparent
24081580,2014,3did,database of three-dimensional interacting domains,opaque,opaque
29236308,2018,DBTFLC,Database of Transcription Factors in Lung Cancer,opaque,opaque
22086958,2012,DBTSS,DataBase of Transcriptional Start Sites,opaque,opaque
24198712,2013,VASCAN,Database of Vascular Plants of Canada,opaque,opaque
34405389,2022,DoWLS-MAN,Database of Word-Level Statistics for Mandarin Chinese,opaque,opaque
29764375,2018,dbATM,database resource for Aquatic Animals' Transcriptome,opaque,opaque
29209336,2017,DRDB,Date Palm Genomic Resource Database,opaque,opaque
27375595,2016,DGV,Dengue Genographic Viewer,opaque,opaque
24700709,2014,DBDB,Developmental Brain Disorders Database,opaque,opaque
24434032,2014,DBM-DB,diamondback moth Genome Database,opaque,opaque
26030752,2015,DMD,Dietary MicroRNA Databases,opaque,opaque
34366563,2021,DSLD,Dietary Supplement Label Database,opaque,opaque
26048622,2016,PedsDTI,diffusion tensor imaging (DTI) component of the NIH MRI study of normal brain development,opaque,opaque
26481352,2016,DIDA,DIgenic diseases DAtabase,opaque,opaque
25232097,2015,DAA,Digital Ageing Atlas,opaque,opaque
30942868,2019,DEE2,Digital Expression Explorer 2,opaque,opaque
22493695,2012,DFL,Digital Fish Library,opaque,opaque
21249531,2011,DIADEM,DIgital reconstruction of Axonal and DEndritic Morphology,opaque,opaque
27173524,2016,DPTEdb,dioecious plant transposable element database,opaque,opaque
23197658,2013,DGA,Disease and Gene Annotations database,opaque,opaque
22079417,2012,DACS-DB,disease associated cytokine SNP database,opaque,opaque
33426407,2019,DSSTox,Distributed Structure-Searchable Toxicity (DSSTox) Database,opaque,opaque
24194602,2014,DDBJ,DNA Data Bank of Japan,opaque,opaque
31598709,2020,DNMIVD,DNA Methylation Interactive Visualization Database,opaque,opaque
28234924,2017,DNApod,DNA polymorphism annotation database,translucent,translucent
25853886,2015,ALDB,domestic-animal lncRNA database,opaque,opaque
22110032,2012,DAMPD,Dragon Antimicrobial Peptide Database,opaque,opaque
23415072,2013,DESMSCI,Dragon Exploration System on Marine Sponge Compounds Interactions,opaque,opaque
25326239,2014,DEOP,Dragon Explorer of Osmoprotection associated Pathways,opaque,opaque
32527280,2020,DDIEM,Drug Database for Inborn Errors of Metabolism,opaque,opaque
34774049,2021,DREAM,Drug Response Gene Expression Associated Map,opaque,opaque
25990557,2015,DSigDB,Drug Signatures Database,opaque,opaque
24122041,2013,DGIdb,Drug-Gene Interaction database,opaque,opaque
23109553,2013,ECMDB,E coli Metabolome Database,opaque,opaque
32964659,2020,EANPDB,Eastern Africa Natural Products Database,opaque,opaque
24302289,2013,EDdb,Eating Disorder database,opaque,opaque
30357418,2019,EDK,Editome-Disease Knowledgebase,opaque,opaque
23411718,2013,EimeriaTDB,Eimeria transcript DB,opaque,translucent
22828716,2012,ECG-ViEW,Electrocardiogram Vigilance with Electronic data Warehouse II,opaque,opaque
30008982,2018,EMDB,Electron Microscopy Data Bank,opaque,opaque
24318814,2014,EMAGE,Electronic Mouse Atlas of Gene Expression,opaque,opaque
23798489,2013,eFG,Electronic resource for Fusarium graminearum,opaque,opaque
23794736,2013,ESCAPE,Embryonic Stem Cell Atlas of Pluripotency Evidence,opaque,opaque
32728249,2020,ENCODE,Encyclopedia of DNA Elements,opaque,opaque
28981707,2018,EPD,Encyclopedia of Proteome Dynamics,opaque,opaque
29106618,2018,eRAM,encyclopedia of Rare disease Annotations for precision medicine ,opaque,opaque
26699919,2016,ECGene,Endometrial Cancer Gene database,translucent,translucent
23340253,2013,EDR,Endometrium Database Resource,opaque,opaque
23161695,2013,eProS,Energy Profile Suite,opaque,opaque
23203870,2013,EENdb,engineered endonuclease database,opaque,opaque
24678734,2014,EPSLiM,ensemble predictor for short linear motifs,opaque,opaque
27664130,2016,ENVO,Environment Ontology,opaque,opaque
26582924,2016,enviPath,Environmental Contaminant Biotransformation Pathway Resource,opaque,translucent
25324316,2015,EzCatDB,enzyme reaction database,opaque,translucent
30446142,2019,EPS-DB,EPS Database,opaque,opaque
25352573,2015,ECODAB,Escherichia coli O-antigen database,opaque,opaque
25414353,2015,EHFPI,Essential Host Factors for Pathogenic Infection,opaque,opaque
23897986,2013,EADB,Estrogenic Activity Database,opaque,opaque
21317139,2011,eGOB,eukaryotic Gene Order Browser,opaque,opaque
22110040,2012,ELM,eukaryotic linear motif,opaque,opaque
30476229,2019,ENPD,Eukaryotic nucleic acid binding protein database,opaque,opaque
23175615,2013,EuPathDB,Eukaryotic Pathogen Genomics Database Resource,opaque,translucent
32008039,2021,EPSD,eukaryotic phosphorylation site database,opaque,opaque
31680159,2020,EPD,Eukaryotic Promoter Database,opaque,opaque
29351734,2018,EOGD,Euplotes octocarinatus Genome Database,opaque,opaque
24569102,2015,ECO,European Cancer Observatory,opaque,opaque
22080548,2012,ENA,European Nucleotide Archive,opaque,opaque
24444128,2014,EGTC,Exchangeable Gene Trap Clones,opaque,opaque
32862462,2021,ExED,Expansin Engineering Database,opaque,opaque
25378301,2015,miRDB,extracellular matrix interaction database,opaque,translucent
34048547,2021,emiRIT,extracting miRNA Information from Text,opaque,opaque
34368755,2021,fIMDb,Face Image Meta-Database,opaque,opaque
33511767,2021,FAWMine,Fall Armyworm Genome Database,opaque,opaque
32076423,2020,FHLdb,Familial Hemophagocytic Database,opaque,opaque
23993619,2013,aFiSh,FAO/INFOODS database on fish and shellfish,translucent,translucent
28245064,2017,FRED,Fine-Root Ecology Database,opaque,opaque
22715304,2012,FBIS,Fish Barcode Information System,opaque,opaque
26317619,2015,FMiR,Fish Mitogenome Resource,opaque,opaque
29126995,2018,FVD,fish-associated virus database,opaque,opaque
26476447,2016,FLOR-ID,Flowering-Interactive Database,opaque,opaque
33511845,2021,FMODB,FMO Database,opaque,opaque
34626475,2021,FEDA,Food Enzyme Database,opaque,opaque
23459781,2013,FRIDa,FoodCast Research Image Database,opaque,opaque
26456067,2016,FLAD,Forensic Loci Allele Database,opaque,opaque
29175726,2018,FROG-kb,Forensic Resource/Reference on Genetics-knowledge base,opaque,opaque
23951158,2013,FmMDb,Foxtail millet Marker Database,opaque,opaque
25005261,2014,FmTFDb,foxtail millet transcription factors database,opaque,opaque
34793786,2022,FCCP,Fragrance Chemicals in Children's Products,opaque,opaque
25352729,2014,FCDD,Fruit Crops Diseases Database,opaque,opaque
33897975,2021,FGDB,FSH Glycans DataBase,opaque,opaque
31034103,2019,FAT-PTM,Functional Analysis Tools for Post-Translational Modifications,opaque,opaque
34220930,2021,FAANG,Functional Annotation of Animal Genomes,opaque,opaque
27794045,2017,FANTOM5,Functional ANnoTation Of the Mammalian genome,opaque,opaque
28077567,2017,FARME,Functional Antibiotic Resistant Metagenomic Element,opaque,opaque
24101916,2013,FunGene,Functional gene pipeline and repository,opaque,translucent
25260589,2014,FOAM,Functional Ontology Assignments for Metagenomes,opaque,opaque
24564786,2013,FPDB,Fungal PCWDE Database,opaque,opaque
24885079,2014,fPoxDB,Fungal Peroxidase Database,opaque,opaque
21300622,2011,FunSecKB,Fungal Secretome KnowledgeBase,opaque,translucent
29688353,2018,FSD,Fungal Stress Database,opaque,opaque
23757396,2013,FSRD,Fungal Stress Response Database,opaque,opaque
22267904,2012,FED,Fusion Events Database,opaque,opaque
30407583,2019,FusionGDB,fusion gene annotation DataBase,opaque,transparent
27794553,2017,FuzDB,FuzDB database,opaque,opaque
21410407,2011,GRIPDB,G protein coupled Receptor Interaction Partners DataBase,opaque,opaque
24304901,2014,GPCRDB,G protein-coupled receptors database,opaque,opaque
23161677,2013,G4LDB,G-quadruplex ligands database,opaque,opaque
24150938,2014,GEISHA,Gallus Expression In Situ Hybridization Analysis,opaque,opaque
26851225,2017,GED,gametogenesis epigenetic modification database,opaque,opaque
27127885,2016,GCGene,Gastric Cancer Gene database,translucent,translucent
30268934,2018,GAAD,Gene and Autoimmiune Disease Association Database,opaque,opaque
31296229,2019,GENT2,Gene Expression database of Normal and Tumor tissues 2,opaque,opaque
34877793,2022,GEPSdb,Gene Expression Database of Poplar under Stress,opaque,opaque
31277321,2019,GEDS,Gene Expression Display Server,opaque,opaque
22123736,2012,GOA,Gene Ontology Annotation,opaque,opaque
33290552,2021,GOC,Gene Ontology Resource,opaque,opaque
26039571,2015,GPA,Gene Perturbation Atlas,opaque,opaque
32055858,2020,GREG,Gene Regulation Graph Database,opaque,opaque
30445619,2019,GTRD,Gene Transcription Regulation Database,opaque,opaque
28453687,2017,GDISC,gene-drug Interaction for survival in cancer,opaque,opaque
27102089,2016,GAT,gene-set activity toolbox,opaque,opaque
21609420,2011,GiSAO.db,Genes involved in senescence apoptosis and oxidative stress database,opaque,opaque
27242038,2016,GESDB,Genetic Epidemiology Simulation Database,opaque,opaque
31725863,2017,GRONS,Genetic Resources Of Nicotine and Smoking,opaque,opaque
23193275,2013,GTR,Genetic Testing Registry,opaque,opaque
31283070,2019,VIPdb,genetic Variant Impact Predictor Database,opaque,opaque
34859531,2022,gnomAD,Genome Aggregation Database,opaque,opaque
22417913,2012,GCD,Genome Composition Database,opaque,opaque
30357347,2019,GDR,Genome Database for Rosaceae,opaque,opaque
28387199,2017,GSA,Genome Sequence Archive,opaque,opaque
31608375,2019,GSAD,Genome Size in Asteraceae Database,opaque,opaque
31210272,2019,GrainGenes,Genome Specific Primers,opaque,translucent
32758136,2020,GSDB,Genome Structure Database,opaque,opaque
29069473,2018,GVM,Genome Variation Map,opaque,opaque
34175476,2021,GWH,Genome Warehouse,opaque,opaque
25065645,2014,EctoGEM,genome-scale metabolic network of Ectocarpus,opaque,opaque
23245398,2012,GWIDD,Genome-Wide Docking Database,opaque,opaque
24767249,2014,GMTV,Genome-wide Mycobacterium tuberculosis Variation,opaque,opaque
25428361,2015,GRASP,Genome-Wide Repository of Associations between SNPs and Phenotypes,opaque,opaque
27794040,2017,GOLD,Genomes OnLine Database,opaque,opaque
27045824,2016,GPKB,Genomic and Proteomic Knowledge Base,opaque,opaque
28771471,2017,GeOMe,Genomic Observatories Metadatabase,opaque,opaque
24007337,2013,GRASP,Genomic Resource Access for Stoichioproteomics,opaque,opaque
26673694,2016,GtRNAdb,Genomic tRNA Database,translucent,opaque
32330167,2020,geoBoundaries,geoBoundaries Global Administrative Database,opaque,translucent
27037912,2016,GAMDB,Gerontology-Autophagic-MicroRNA Database,opaque,opaque
25010047,2014,GBM-BioDP,Glioblastoma Bio Discovery Portal,opaque,opaque
30365027,2019,gcMeta,Global Catalogue of Metagenomics,opaque,opaque
24377417,2013,GCM,Global catalogue of microorganisms,opaque,opaque
33119759,2021,gcType,Global Catalogue of Type Strain,opaque,opaque
34158935,2021,GEMI,Global Earth Mineral Inventory,opaque,opaque
27694206,2016,GGBN,Global Genome Biodiversity Network,opaque,opaque
24336862,2014,GIGA,Global Invertebrate Genomics Alliance,opaque,opaque
27504778,2016,GNPS,Global Natural Products Social Molecular Networking,opaque,opaque
34378141,2022,GPGD,Global Pharmacopoeia Genome Database,opaque,opaque
23104379,2013,GFDB,glycan fragment database,opaque,opaque
31841142,2020,GlyMDB,Glycan Microarray Database,opaque,translucent
32163115,2020,GRALL,Glycine Receptor Allosteric Ligands Library,opaque,opaque
27436239,2016,GlycoGAIT,Glycosylation and Gut Associated Immune Tolerance,opaque,translucent
33965348,2021,GGVD,goat genome variation database,opaque,translucent
28365739,2017,GrTEdb,Gossypium raimondii transposable elements database,opaque,opaque
20931385,2011,Gramene,Gramene Database,opaque,opaque
31592084,2019,GCGVD,Grass Carp Genomic Visualization Database,opaque,translucent
26578586,2016,GreeNC,Green Non-Coding Database,opaque,opaque
33252190,2021,GRINdb,GRIN database,opaque,opaque
21337704,2011,GPDE,Griss Proteomics Database Engine,opaque,opaque
32496513,2021,gutMEGA,gut MEtaGenome Atlas,opaque,opaque
22016855,2011,GyDB,Gypsy Database concerning Mobile Genetic,opaque,opaque
23245335,2013,H-InvDB,H-Invitational Database,opaque,opaque
25450223,2014,HIGDB,Haemophilus influenzae Genome Database,opaque,opaque
25468930,2014,HProtDB,Halophile protein database,opaque,translucent
23095476,2012,HfwADB,Hawaiian Freshwater Algal Database,opaque,opaque
27527702,2016,HCVIVdb,HCV IRES variation database,opaque,opaque
31139565,2019,HNCDB,Head and Neck Cancer Database,opaque,opaque
22874333,2012,HeTOP,Health Terminology/Ontology Portal,opaque,opaque
30053237,2018,HDncRNA,Heart Disease-related Non-coding RNAs Database,translucent,translucent
34791105,2021,HFIP,Heart Failure Integrated Platform,opaque,opaque
22923302,2012,HSPIR,Heat shock protein information resource,opaque,opaque
33417691,2021,HGFDB,Helmeted Guinea Fowl Database,opaque,opaque
21760913,2011,HelmCoP,Helminth Control and Prevention,opaque,opaque
23281827,2012,HSD,Helminth Secretome Database,opaque,opaque
26590403,2016,SBR-Blood,hematopoietic Systems Biology Repository,opaque,translucent
28708269,2017,HemeOxDB,Heme Oxygenase Database,opaque,transparent
22064861,2012,HFV,hemorrhagic fever virus database,opaque,opaque
21930248,2011,HCVpro,hepatitis C virus protein interaction database,opaque,opaque
30266410,2018,HCCDB,Hepatocellular carcinoma database,opaque,opaque
34164644,2021,HFBD,HF biomarker knowledge database,opaque,opaque
33259604,2020,HAHmiR.DB,High-Altitude Human miRNA Database,opaque,translucent
28365729,2017,HIVoligoDB,HIV oligonucleotide database,opaque,transparent
27189608,2016,HLA-ADR,HLA and Adverse Drug Reaction Database,opaque,opaque
23016940,2011,HomeoDB2,Homeobox gene database,opaque,opaque
24931751,2014,HomBRex,Homeopathy Basic Research experiments,opaque,opaque
26586801,2016,HOCOMOCO,Homo sapiens comprehensive model collection,opaque,opaque
29315358,2018,HTT-DB,Horizontal Transposon Transfer DataBase,opaque,opaque
25178365,2014,HSDB,Horse Single Nucleotide Polymorphism and Expression Database,opaque,opaque
33045729,2021,GIMICA,Host Genetic and Immune Factors Shaping Human Microbiota,opaque,opaque
29028885,2018,HoTResDB,Host Transcriptional Response DataBase,opaque,opaque
24137008,2014,HoPaCI-DB,host-Pseudomonas and Coxiella interaction database,opaque,opaque
23193293,2013,HAGR,Human Ageing Genomic Resources,opaque,opaque
22613085,2012,HAltORF,Human alternative open reading frames,opaque,translucent
28212602,2017,HAPPI,Human Annotated and Predicted Protein Interactions,opaque,opaque
30066211,2018,HAMdb,Human Autophagy Modulator Database,opaque,opaque
34642750,2021,HBFP,human body fluid proteome,opaque,opaque
31976536,2020,HBDB,Human Breathomics Database,opaque,opaque
29088455,2018,HCMDB,human cancer metastasis database,opaque,opaque
28529078,2017,HCSGD,Human Cellular Senescence Gene Database,opaque,opaque
25332398,2015,DEPOD,human DEPhOsphorylation Database,opaque,opaque
23369322,2013,HDAM,Human Disease Associated Mutation,opaque,opaque
33439542,2021,HDG,Human Disease Genes website series,opaque,opaque
26631432,2016,HDI,Human Disease Insight,opaque,opaque
22135302,2012,DiseaseMeth,human disease methylation database,translucent,transparent
29077884,2018,HEDD,Human Enhancer Disease Database,opaque,opaque
33119754,2021,HeRA,Human enhancer RNA Atlas,opaque,opaque
22761927,2012,HEMD,human epigenetic enzyme and modulator database,opaque,opaque
30032758,2018,HFMDB,human fecal metabolome database,opaque,opaque
22140100,2012,HGPD,Human Gene and Protein Database,opaque,opaque
22948725,2012,HGMD,Human Gene Mutation Database,opaque,opaque
23717556,2013,HGPGD,human gene population genetic difference database,opaque,opaque
27733501,2017,HipSci,Human Induced Pluripotent Stem Cell Initiative,opaque,opaque
31783725,2019,HKPocket,Human Kinase Pocket,opaque,translucent
23584836,2013,hLGDB,Human Lysosome Gene Database,opaque,opaque
26209309,2015,HMA,human metabolic atlas,opaque,opaque
30364956,2019,HMDD,Human microRNA Disease Database,opaque,opaque
28967693,2018,HUMA,Human Mutation Analysis,opaque,opaque
23585031,2013,HORDE,Human Olfactory Receptor Data Explorer,opaque,opaque
34846641,2022,HODD,Human Ophthalmic Diseases Database,opaque,opaque
29760467,2018,HOMD,Human Oral Microbiome Database,opaque,opaque
22165817,2011,HOMER,Human Organ-specific Molecular,opaque,opaque
26578596,2016,HPMC,Human Pan-Microbe Communities,opaque,opaque
24217912,2014,HPO,Human Phenotype Ontology project,opaque,opaque
22804825,2013,HuPho,human phosphatase portal,opaque,opaque
32707486,2020,hPSCreg,Human Pluripotent Stem Cell Registry,opaque,opaque
23282181,2012,PCDq,human protein complex database,opaque,opaque
34032471,2021,HSP,Human Salivary Proteome Wiki,opaque,opaque
30371817,2019,SEdb,human super-enhancer database,opaque,opaque
23436708,2013,HTPD,Human Testis Proteome Database,opaque,opaque
34534667,2021,TExAs,Human Tissue-specific Exposome Atlas,opaque,opaque
22900683,2012,HTRIdb,Human Transcriptional Regulation Interactions database,opaque,opaque
24558441,2014,HTD,Human Transporter Database,opaque,opaque
28334239,2018,coexpressMAP,human-mouse general co-expression difference database,opaque,transparent
33515030,2021,HVIDB,Human-Virus Interaction DataBase,opaque,opaque
29761469,2018,HGD,Hymenoptera Genome Database,opaque,opaque
23734660,2013,IEDB,Immune Epitope Database,opaque,opaque
22610854,2012,IEDB-AR,Immune Epitope Database Analysis Resource,opaque,opaque
23180793,2013,IPD,Immuno Polymorphism Database,opaque,opaque
23991755,2013,IIMDB,In Vivo/In Silico Metabolites Database,opaque,opaque
28592645,2017,ISVdb,Inbred Strain Variant Database,opaque,opaque
31231133,2019,IPGB,Incontinentia Pigmenti Genetic Biobank,opaque,opaque
22127860,2012,IndelFR,Indel Flanking Region Database,opaque,opaque
21624339,2011,ILISI,Index of Italian Literature on Nursing Sciences,opaque,opaque
22102591,2012,IBIS,Inferred Biomolecular Interaction Server,opaque,opaque
32941628,2021,IDDB,infertility disease database,opaque,opaque
33929018,2021,IBDDB,Inflammatory Bowel Disease (IBD) Database,opaque,opaque
22260278,2012,IRD,Influenza Research Database,opaque,opaque
26519466,2016,IC4R,Information Commons for Rice,opaque,opaque
24616562,2014,IBIn,Insect Barcode Informatica,opaque,opaque
22984621,2012,IIID,Insect Innate Immunity Database,opaque,opaque
29041922,2017,iCAN,Institute Collection and Analysis of Nanobodies,opaque,opaque
22698731,2012,IGFmdb,insulin-like growth factor mutation database,opaque,opaque
28557712,2017,ICE,Integrated Chemical Environment,opaque,opaque
33740463,2021,ICSCB,Integrated Collection of Stem Cell Bank data,opaque,opaque
24324765,2013,INDIGO,INtegrated Data warehouse of mIcrobial GenOmes,opaque,opaque
26516188,2016,IID,Integrated Interactions Database,opaque,opaque
22792232,2012,IMG/M,Integrated Microbial Genomes and Metagenomes,opaque,opaque
31665416,2020,IMG-ABC,Integrated Microbial Genomes Atlas of Biosynthetic gene Clusters,opaque,opaque
23046449,2012,IPAD,Integrated Pathway Analysis Database for Systematic Enrichment Analysis,opaque,opaque
23282057,2012,IntPath,Integrated Pathway gene relationship database,opaque,translucent
22140115,2012,IPAVS,Integrated Pathway Resources,opaque,opaque
27841751,2016,IRRMC,Integrated Resource for Reproducibility in Macromolecular Crystallography,opaque,opaque
22120663,2011,INOH,Integrating Network Objects with Hierarchies,opaque,opaque
33406221,2021,iCysMod,integrative database for protein cysteine modifications in eukaryotes,opaque,translucent
27081555,2015,iJGVD,integrative Japanese Genome Variation Database,opaque,opaque
28168018,2017,IRBAS,Intermittent River Biodiversity Analysis and Synthesis,opaque,opaque
29040670,2018,ICTV,International Committee on Taxonomy of Viruses,opaque,opaque
27638885,2017,IGSR,International Genome Sample Resource,opaque,opaque
26340938,2015,IKMC,International Knockout Mouse Consortium,opaque,opaque
22080546,2012,INSDC,International Nucleotide Sequence Database Collaboration,opaque,opaque
30584170,2018,MDSGene,International Parkinson's Disease and Movement Disorder Society Gene Database ,translucent,translucent
31838187,2020,ISAR,International Severe Asthma Registry,opaque,opaque
28322240,2017,ISCIEMEDS,International spinal cord injury Endocrine and Metabolic Extended Data Set,opaque,opaque
22674159,2012,IUPHAR-DB,International Union of Basic and Clinical Pharmacology Database,opaque,opaque
22067451,2012,IDEAL,Intrinsically Disordered proteins with Extensive Annotations and Literature,opaque,opaque
21914464,2011,IGD,Intronless Gene Database,opaque,opaque
27465544,2016,IGDD,Intronless Genes Database in Dicots,opaque,opaque
29548284,2018,IDPM,Ion distribution in protein molecules,opaque,opaque
30295851,2019,jPOST,Japan ProteOme STandard DataBase,opaque,opaque
29069501,2018,jMorp,Japanese Multi Omics Reference Panel,opaque,opaque
24217911,2014,AgeFactDB,JenAge Ageing Factor Database,translucent,translucent
27630202,2016,KDD,Kawasaki Disease Database,opaque,opaque
21624162,2011,KUPKB,kidney and urinary pathway knowledge base,opaque,opaque
32934277,2020,StoneMod,kidney stone modulator database,opaque,opaque
33084889,2021,KLIFS,Kinase-Ligand Interaction Fingerprints and Structures,opaque,opaque
23584834,2013,KDDB,KIR and Diseases Database,opaque,opaque
32821400,2020,KGD,Kiwifruit Genome Database,opaque,opaque
26656885,2015,KIR,Kiwifruit Information Resource,opaque,opaque
32133509,2020,KRGDB,Korean Reference Genome Database,opaque,opaque
26519400,2016,KEGG,Kyoto Encyclopedia of Genes and Genomes,opaque,opaque
21498547,2011,LccED,Laccase Engineering Database,opaque,opaque
22547615,2012,MBLED,Lactamase Engineering Database,opaque,opaque
22570419,2012,LAHEDES,LAGLIDADG Homing Endonuclease Database and Engineering Server,opaque,opaque
29179110,2018,LAND-deFeND,LANDslides and Floods National Database,opaque,opaque
31599330,2020,LSD,leaf senescence database,opaque,opaque
31605615,2020,LeGOO,Legume Graph-Oriented Organizer,opaque,opaque
26546515,2016,LIS,Legume Information System,opaque,opaque
21353266,2011,LegProt,Legume Protein Sequence Datasets,opaque,translucent
21520333,2011,LOVD,Leiden Open-source Variation Database,opaque,opaque
25125444,2014,LeishMicrosatDB,Leishmania Microsatellite Database,opaque,transparent
22750101,2012,LSHGD,Leprosy Susceptible Human Gene Database,opaque,opaque
23193253,2013,LAMP,Library of Apicomplexan Metabolic Pathways,opaque,opaque
31701147,2020,LINCS,Library of Integrated Network-based Cellular Signatures,opaque,opaque
31780665,2019,LDB,Lichen DataBase,opaque,opaque
25776024,2015,LMPID,Linear Motif mediated Protein Interaction Database,opaque,opaque
24243842,2014,LPSN,List of Prokaryotic Names with Standing in Nomenclature,opaque,opaque
21707958,2012,LSD,Littorina sequence database,opaque,opaque
26944085,2017,LNCat,lncRNA atlas,opaque,opaque
28751672,2017,LNCmap,LncRNA Connectivity Map,opaque,opaque
24150937,2014,LoQAtE,Localizaiton and Quantitation Atlas of the yeast proteomE,opaque,opaque
30285109,2019,LncRNADisease,long non-coding RNA disease database,opaque,transparent
23452239,2013,LjGEA,Lotus japonicus Gene Expression Atlas,opaque,opaque
22881376,2012,UCL LDLR,Low-density lipoprotein receptor gene familial hypercholesterolemia variant database,opaque,opaque
34976312,2022,LCMD,Lung Cancer Metabolome Database,opaque,opaque
33906563,2021,M6ADD,m6A-diseases database,opaque,opaque
30841849,2019,mGAP,macaque Genotype And Phenotype,opaque,opaque
28293068,2016,MMDB,Magnaporthe oryzae Microsatellite Database,opaque,opaque
25432973,2015,MCG,Maize Cell Genomics,opaque,opaque
26896848,2016,MGFD,maize gene families database,opaque,opaque
33193550,2020,MaizeMine,Maize Genetics and Genome Database,opaque,transparent
26432828,2016,MaizeGDB,maize model organism database,opaque,transparent
29220464,2017,KiPho,Malaria Parasite Kinome-Phosphatome Resource,opaque,opaque
32766702,2020,MFGA,Male Fertility Gene Atlas,opaque,opaque
34363073,2021,MIK,Male Infertility Knowledgebase,opaque,opaque
32833025,2021,MNDR,mammal ncRNA-disease repository,opaque,opaque
31353404,2019,MAdb,Mammalian Annotation Database tool,opaque,opaque
22606288,2012,MGEx-Udb,Mammalian Gene Expression Uterus database,opaque,opaque
30329070,2019,RaftProt,mammalian lipid raft proteome database,opaque,translucent
26912953,2015,MMNDB,Mammalian Mitochondrial ncRNA Database,opaque,opaque
26822098,2017,MTD,mammalian transcriptomic database,opaque,opaque
24465676,2014,mUbiSiDa,mammalian Ubiquitination Site Database,opaque,opaque
24143056,2013,MAGICdb,Mango Genetic stocks Identification and Characterisation database,opaque,opaque
24214963,2014,MCDRP,Manually Curated Database of Rice Proteins,opaque,opaque
22545773,2012,MASiVEdb,Mapping and Analysis of SireVirus Elements Database,opaque,opaque
27069559,2016,MD-CTS,Marshfield Dictionary of Clinical and Translational Science,opaque,opaque
29069466,2018,MGA,Mass Genome Annotation Repository,opaque,opaque
22954629,2012,MaConDa,Mass spectrometry Contaminants Database,opaque,opaque
28943872,2017,MAHMI,Mechanism of Action of the Human Microbiome,opaque,opaque
22058127,2012,MACiE,"Mechanism, Annotation and Classification in Enzymes",opaque,opaque
26450962,2016,MEPD,Medaka Expression Pattern Database,opaque,opaque
22701463,2012,MPPD,Medicago PhosphoProtein Database,opaque,opaque
25432968,2015,MedicMine,Medicago truncatula genome database,opaque,translucent
32079733,2020,MtSSPdb,Medicago truncatula Small Secreted Peptide Database,opaque,opaque
22309450,2012,MTDB,Medicago truncatula transporter database,opaque,opaque
35424258,2021,MeFSAT,Medicinal Fungi Secondary metabolites And Therapeutics,opaque,opaque
24391364,2013,MAPS,"Medicinal plant Activities, Phytochemicals & structural database",opaque,opaque
31231773,2019,MepmiRDB,medicinal plant microRNA database,opaque,translucent
27681445,2017,MPD3,Medicinal Plants Database for Drug Designing,opaque,opaque
26173767,2015,MFMD,Mediterranean Founder Mutation Database,opaque,opaque
26424083,2015,MGDB,Melanoma Gene Database,opaque,opaque
33822911,2021,MENSAdb,MEmbrane protein dimer Novel Structure Analyser database,opaque,opaque
24194596,2014,MP:PD,membrane protein packing database,opaque,opaque
24475242,2014,MetaMetaDB,Meta-Metagenomic DataBase,opaque,translucent
26322134,2015,MINEs,Metabolic In silico Network Expansions,opaque,opaque
31648227,2019,MANET,metabolic Molecular Ancestry Networks,opaque,opaque
33382886,2020,MetSRR,Metabolic Syndrome Research Resource,opaque,opaque
31637139,2019,ncRNA2MetS,metabolic syndrome-associated non-coding RNA database,opaque,translucent
24828308,2014,MeKO,Metabolite Profiling Database for Knock-Out Mutants in Arabidopsis,opaque,opaque
22096233,2012,MINAS,Metal Ions in Nucleic AcidS,opaque,opaque
31504189,2020,MeLAD,Metalloenzyme-Ligand Association Database,opaque,opaque
33084905,2021,MeDAS,Metazoan Developmental Alternative Splicing database,opaque,opaque
23219992,2013,MENT,Methylation and Expression database of Normal and Tumor tissues,opaque,opaque
33835460,2021,MeT-DB,MethylTranscriptome DataBase,opaque,opaque
21349870,2011,MPID-T2,MHC-Peptide Interaction Database-TR version 2,opaque,opaque
29869221,2019,MU3D,Miami University Deception Detection Database,opaque,opaque
29177508,2018,MVP,Microbe Versus Phage,opaque,opaque
23118485,2013,MBGD,microbial genome database for comparative analysis,opaque,opaque
23178820,2013,MicrobPad MD,microbial pathogen diagnostic methods database,opaque,opaque
31042284,2019,ML Repo,Microbiome Learning Repo,opaque,opaque
33125077,2021,MASI,microbiota-active substance interactions database,opaque,opaque
33903708,2021,MAP,microRNA Analysis Portal,opaque,opaque
21177657,2011,mESAdb,microRNA expression and sequence analysis database,opaque,opaque
25425035,2014,microPIR,microRNA promoter interaction resource,opaque,opaque
28854643,2017,MSDB,Microsatellite Database,opaque,opaque
29109711,2017,miPepBase,Mimicry Peptide Database,opaque,translucent
22146221,2012,MnM,Minimotif Miner,opaque,opaque
31612915,2020,MIBiG,Minimum Information about a Biosynthetic Gene Cluster Data Standard and Repository,opaque,opaque
31404401,2019,miRDRN,miRDRN-miRNA disease regulatory network,opaque,translucent
30963485,2019,miRandb,miRNA algorithmic network database,opaque,translucent
27742822,2017,miRPathDB,miRNA Pathway Dictionary Database,opaque,translucent
29106642,2018,MSDD,MiRNA SNP Disease Database,opaque,opaque
25542617,2015,MSeqDR,Mitochondrial Disease Sequence Data Resource,opaque,opaque
24170808,2014,MitoBreak,mitochondrial DNA breakpoints database,opaque,translucent
22123747,2012,MitoZoa,MITOchondrial genome database of metaZOAns,opaque,translucent
25435547,2015,MPIC,Mitochondrial Protein Import Components (MPIC) Database,translucent,opaque
34266386,2021,MitoTox,mitochondrial toxicity database ,opaque,transparent
34729303,2021,MCDB,Mitotic Catastrophe Database,opaque,opaque
32386298,2020,MGP Portal,Mnemiopsis Genome Project Portal,opaque,opaque
21856757,2011,modENCODE,model organism Encyclopedia of DNA Elements,opaque,opaque
29284660,2018,ModERN,model organism Encyclopedia of Regulatory Networks,opaque,opaque
24350770,2014,MOPED,Model Organism Protein Expression Database,opaque,opaque
33835459,2021,MODOMICS,Modification Pathways Database,opaque,opaque
29618898,2018,MODII,MOlecular Database on Indian Insects,opaque,opaque
25022454,2014,MICAD,Molecular Imaging and Contrast Agent Database,opaque,opaque
22096227,2012,MINT,Molecular INTeraction Database,opaque,opaque
29155944,2018,MIST,Molecular Interaction Search Tool,opaque,opaque
24319143,2014,MMDB,Molecular Modeling Database,opaque,opaque
28104956,2016,MPDB,Molecular Pathways Brain Database,opaque,opaque
30092360,2018,MPDSDM,Molecular property diagnostic suite for diabetes mellitus,opaque,opaque
21546393,2011,MSigDB,Molecular signatures database,opaque,opaque
34510194,2021,MODB,Mollusca mitochondrial database,opaque,opaque
30944327,2019,MIADB,monoterpene indole alkaloid database,opaque,opaque
23860041,2014,MGDD,Moroccan Genetic Disease Database,opaque,opaque
24923822,2014,MorusDB,Morus Genome Database,opaque,translucent
32386544,2020,CCFv3,Mouse Brain Common Coordinate Framework,opaque,opaque
33104772,2021,GXD,Mouse Gene Expression Database,opaque,opaque
22075990,2012,MGD,Mouse Genome Database,opaque,opaque
23110975,2012,MGI,Mouse Genome Informatics,opaque,opaque
22139941,2012,MMMDB,Mouse Multiple Tissue Metabolome Database,opaque,opaque
22102583,2012,MPD,Mouse Phenome Database,opaque,opaque
25332399,2015,MTB,Mouse Tumor Biology Database,opaque,opaque
23071556,2012,MK4MDD,Multi-level Knowledge base for Major Depressive Disorder,opaque,opaque
28651363,2017,NeuroMMSig,Multimodal mechanistic signatures for neurodegenerative diseases,opaque,translucent
31652812,2019,MMDB,Murine Microbiome Database,opaque,opaque
32777102,2020,MSK-KP,Musculoskeletal Knowledge Portal,opaque,opaque
27907895,2017,mutLBSgeneDB,mutated ligand binding site gene DataBase,opaque,translucent
26513174,2015,MDP,Mutations and Drugs Portal,opaque,opaque
29401218,2018,MutHTP,mutations in human transmembrane proteins,opaque,opaque
29036655,2017,MFIB,Mutual Folding Induced by Binding,opaque,opaque
33514395,2021,MPM,My Personal Mutanome,opaque,opaque
33653882,2021,MSR,Mycobacterial Systems Resource,opaque,opaque
21904429,2011,MGDB,Mycobacteriophage genome database,opaque,opaque
21584191,2011,MTB-PCDB,Mycobacterium tuberculosis Proteome Comparison Database,opaque,opaque
34025934,2021,MycoTRAP-DB,Mycobacterium tuberculosis Resistance Associated,opaque,translucent
21880546,2011,MtbSD,Mycobacterium tuberculosis Structural Database,opaque,opaque
29897419,2018,MARDy,Mycology Antifungal Resistance Database,opaque,opaque
34900127,2021,MIKB,Myocardial infarction knowledge base,opaque,opaque
29917040,2018,MPD,Mypathogen database,opaque,opaque
33103271,2020,NanDeSyn,Nannochloropsis Design and Synthesis,opaque,opaque
21928249,2011,RBLA03S4SP,Nanosized Cancer Polymarker Biochip Project,opaque,opaque
26013919,2015,NIG_MoG,National Institute of Genetics Mouse Genome database,opaque,opaque
21982653,2011,GenTAC,National Registry of Genetically Triggered Thoracic Aortic Aneurysms and Cardiovascular Conditions,opaque,opaque
25178289,2014,NPCDB,Native Pig and Chicken Breed Database,opaque,opaque
27530928,2016,NLDB,Natural Ligand DataBase,opaque,opaque
33306802,2020,NPBS,Natural Products & Biological Sources,opaque,opaque
23203877,2013,NPACT,Naturally Occurring Plant-based Anti-cancer Compound-Activity-Target database,opaque,opaque
26183225,2015,NEU-GD,Near East University Genetic Mutation Database,opaque,opaque
33514746,2021,NGD,Nelumbo Genome Database,opaque,opaque
29739837,2018,NvERTx,Nematostella vectensis Embryogenesis and Regeneration Transcriptomics,opaque,opaque
23996831,2014,NAPS,Nencki Affective Picture System,opaque,opaque
27899613,2017,NSDNA,Nervous System Disease NcRNAome Atlas,translucent,opaque
26516186,2016,NCG,Network of Cancer Genes,opaque,opaque
31809863,2019,PsyMuKB,NeuroPsychiatric Mutation Knowledge Base,opaque,translucent
22517761,2012,NGS,Next Generation Sequencing Catalog,opaque,opaque
21884625,2011,NFI-Regulome,NFI-Regulome Database,opaque,translucent
28086860,2017,NaDH,Nicotiana attenuata Data Hub,opaque,opaque
26393351,2015,dkNET,NIDDK Information Network,opaque,opaque
27152146,2016,NCRO,Non-Coding RNA Ontology,opaque,opaque
25392405,2015,NHPRTR,non-human primate reference transcriptome resource,opaque,opaque
24297257,2014,NECTAR,Non-synonymous Enriched Coding muTation ARchive,opaque,opaque
21491493,2011,NCAD,Noncoded Amino acids Database,opaque,opaque
31640730,2019,NARD,Northeast Asian Reference Database,opaque,opaque
27285615,2016,NEIHPID,Northeast India Helminth Parasite Information Database,opaque,opaque
28641017,2017,NANPDB,Northern African Natural Products Database,opaque,opaque
30354114,2019,NR-DBIND,Nuclear Receptors Database Including Negative Data,opaque,opaque
28775335,2017,NuBBEDB,"Nuclei of Bioassays, Ecophysiology and Biosynthesis of Natural Products Database",opaque,opaque
24185695,2014,NDB,Nucleic Acid Database,opaque,opaque
27905517,2016,G4IPDB,Nucleic acid G-quadruplex structure (G4) Interacting Proteins DataBase,opaque,opaque
26896846,2016,NALDB,Nucleic acid ligand database,opaque,opaque
26656949,2016,NPIDB,Nucleic acid-Protein Interaction DataBase,opaque,opaque
33021634,2021,NDB,Nucleome Data Bank,opaque,opaque
30335176,2019,NucMap,nucleosome positioning map,opaque,translucent
26507856,2016,NBDB,Nucleotide binding database,opaque,opaque
29201145,2017,OCDD,Obesity and Co-morbid Disease Database,opaque,opaque
34655133,2022,OAS,Observed Antibody Space,opaque,opaque
31831730,2019,OPD,Odonate Phenotypic Database,opaque,opaque
32693783,2020,ORDER,Oilseed Rape Developmental Expression Resource,opaque,opaque
28365722,2017,OCaPPI-Db,Oligonucleotide Capture Probes for Pathogen Identification Database,opaque,opaque
26827236,2016,OGDD,Olive Genetic Diversity Database,opaque,opaque
25399418,2015,OMA,OMA orthology database,opaque,opaque
28511181,2017,1-CMDb,one-carbon metabolism database,opaque,opaque
25428349,2015,OMIM,Online Mendelian Inheritance in Man,opaque,opaque
30535146,2019,OGOB,Oomycete Gene Order Browser,opaque,opaque
22768977,2012,OTD,Oomycete Transcriptomics Database,opaque,opaque
33361798,2021,OCTAD,Open Cancer TherApeutic Discovery,opaque,opaque
31566225,2020,OGRDB,Open Germline Receptor Database,opaque,opaque
26578589,2016,ORegAnno,Open Regulatory Annotation database,opaque,translucent
26496950,2016,OpenTein,Open Teratoma Investigation,opaque,opaque
31662803,2018,ODIAC,Open-source Data Inventory for Anthropogenic CO2,opaque,opaque
33247934,2020,OGDA,Organelle Genome Database for Algae,opaque,opaque
34241085,2021,OCELOT,Organic Crystals in Electronic and Light-Oriented Technologies,opaque,opaque
28182744,2017,OMDB,Organic materials database,opaque,opaque
21890895,2012,OPM,Orientations of Proteins in Membranes,opaque,opaque
26995712,2016,ODCs,Orphan Disease Connections,opaque,opaque
26637529,2015,ONRLDB,Orphan Nuclear Receptor Ligand Binding Database,opaque,opaque
34122478,2021,PSDX,P. trichocarpa Stem Differentiating Xylem  database,opaque,opaque
29223505,2018,PGMD,Pakistan Genetic Mutation Database,opaque,opaque
29455297,2018,PEP725,Pan European Phenological database,opaque,opaque
31373607,2020,PIRD,Pan Immune Repertoire Database,opaque,opaque
21731755,2011,PanSNPdb,Pan-Asian SNP genotyping database,opaque,translucent
31599098,2020,PSMD,Pan-Species Microsatellite Database,opaque,opaque
24839966,2014,PCD,Pancreatic Cancer Database,opaque,opaque
24569397,2014,PCMdb,Pancreatic Cancer Methylation Database,opaque,opaque
24163255,2014,PED,Pancreatic Expression Database,opaque,opaque
27616775,2016,PGD,Pangolin Genome Database,opaque,opaque
23093593,2013,PaVE,Papillomavirus Episteme,opaque,opaque
33304468,2020,PDmethDB,Parkinson's Disease Methylation Database,opaque,translucent
25414340,2015,PHI-base,Pathogen-Host Interactions database,opaque,opaque
31337335,2019,PPTdb,Pathogenic Protist Transmembranome database,opaque,opaque
27625390,2017,PathoYeastract,PATHOgenic YEAst Search for Transcriptional Regulators And Consensus Tracking,opaque,translucent
25336619,2015,PAIDB,Pathogenicity Island Database,opaque,opaque
24225323,2014,PATRIC,Pathosystems Resource Integration Center,opaque,opaque
23046413,2012,PAGED,Pathway And Gene Enrichment Database,opaque,opaque
31950190,2020,PCaLiStDB,PCa related lifestyle database,opaque,opaque
32810235,2021,PCAT,PDX for Childhood Cancer Therapeutics,opaque,opaque
29126123,2018,PedAM,Pediatric Disease Annotations & Medicines,opaque,translucent
28365721,2017,PCPPI,Penicillium -Crop Protein-Protein Interactions,opaque,opaque
29982280,2019,PepBDB,Peptide Binding DataBase,opaque,translucent
30134653,2018,PADFrag,Pesticide And Drug Fragments,opaque,opaque
23162083,2013,PTID,Pesticide-Target interaction database,opaque,opaque
34387941,2021,PharmGKB,Pharmacogenomics Knowledgebase,opaque,transparent
22559792,2012,PKKB,PharmacoKinetics Knowledge Base,opaque,opaque
28862395,2018,PMS_DN,Phelan-McDermid syndrome data network,opaque,opaque
22009677,2012,PhenoM,Phenomics of yeast Mutants,opaque,translucent
27026615,2016,PheKB,Phenotype KnowledgeBase,opaque,opaque
21507258,2011,PheMaDB,Phenotype Microarray DataBase,opaque,opaque
32646415,2020,ECCParaCorp,Physician Data Query,opaque,opaque
23396298,2013,PIPEMicroDB,PIgeonPEa Microsatellite DataBase,opaque,opaque
28651001,2017,PpTFDB,Pigeonpea Transcription Factors Database,opaque,opaque
34107869,2021,PINIR,Pin-II type PIs Information Resource,opaque,opaque
30245835,2018,PGD,Pineapple Genomics Database,opaque,opaque
31103066,2019,PAT,Placental Atlas Tool,opaque,opaque
23426257,2013,Planform,Planarian formalization,opaque,opaque
28053167,2017,PceRBase,Plant ceRNA database,opaque,opaque
29040761,2018,PCSD,Plant Chromatin State Database,opaque,opaque
33546584,2021,Plantannot,Plant Co-expression Annotation Resource,opaque,translucent
23688397,2013,PLANEX,PLAnt co-EXpression database,opaque,opaque
33997360,2021,PCPD,Plant cytochrome P450 database,opaque,opaque
30364952,2019,PED,Plant Editosome Database,opaque,opaque
27987164,2017,PGDBj,Plant Genome DataBase Japan,opaque,opaque
23180799,2013,PGDD,Plant Genome Duplication Database,opaque,opaque
34111777,2021,PID,Plant Intron Database,opaque,opaque
27742820,2017,PIECE,Plant Intron Exon Comparison and Evolution,opaque,opaque
33079992,2021,PLncDB,Plant long non-coding RNA database,opaque,translucent
31602478,2020,PmiREN,Plant miRNA Encyclopedia,opaque,translucent
23725466,2013,PMTED,Plant MiRNA Target Expression Database,opaque,opaque
24174541,2014,P-MITE,plant MITE database,opaque,opaque
27924044,2017,PlaMoM,Plant Mobile Macromolecules,opaque,opaque
22058132,2012,PlantNATsDB,plant NAT database,opaque,transparent
25398903,2015,PNRD,plant ncRNA database,opaque,opaque
22369214,2012,nsLTPDB,plant non-specific lipid transfer protein database,opaque,translucent
25505034,2015,PODC,Plant Omics Data Center,opaque,opaque
24092884,2014,PODB,Plant Organelles Database,opaque,opaque
30395277,2019,PlantPAN,Plant Promoter Analysis Navigator,opaque,translucent
27987179,2017,PPDB,Plant Promoter Database,opaque,opaque
25435546,2015,Plant-PrAS,Plant Protein Annotation Suite database,opaque,translucent
24243849,2014,P(3)DB,Plant Protein Phosphorylation Database,opaque,opaque
24980131,2014,Plant rDNA,Plant rDNA database,opaque,transparent
31796964,2019,PRP,Plant Regulomics Portal,opaque,opaque
23161682,2013,PRGdb,Plant Resistance Genes database,opaque,opaque
28111365,2017,PlantRGDB,Plant Retrocopied Gene DataBase,opaque,translucent
34059664,2021,PSSRD,plant SSR database,opaque,opaque
30587128,2018,PSRN,plant stress RNA-Seq nexus,opaque,opaque
34716373,2021,PPMdb,PlantPathMarks,opaque,opaque
24304897,2014,PPD,Plasma Proteome Database,opaque,opaque
25593348,2015,PlasmoGEM,Plasmodium Genetic Modification,opaque,translucent
31738435,2019,PMBD,Plastics Microbial Biodegradation Database,opaque,opaque
25270086,2014,PIGD,Poaceae Intronless Genes Database,opaque,opaque
28966675,2017,POGD,Poaceae orphan genes database,opaque,opaque
32895427,2020,PCOSKBR2,PolyCystic Ovary Syndrome KnowledgeBase,opaque,opaque
22080514,2012,PolymiRTS,polymorphism in microRNA target site,opaque,translucent
29077937,2018,PICKLES,Pooled In vitro CRISPR Knockout Library Essentiality Screens,opaque,opaque
25404129,2015,PoSSuM,PoSSuM drug search,opaque,opaque
24857970,2014,PTM-SD,Posttranslational modification structural database,opaque,opaque
20672376,2011,pfSNP,potentially functional SNPs,opaque,translucent
27789569,2017,PMKB,Precision Medicine Knowledge Base,opaque,opaque
29530937,2018,AIR,Predicted Arabidopsis Interactome Resource,opaque,opaque
32103267,2020,PDIR,Predicted Drosophila Interactome Resource,opaque,opaque
29425804,2019,pEVE,Predicted Endogenous Viral Elements,opaque,opaque
26200753,2015,Pre_GI,Predicted Genomic Islands database,opaque,opaque
23153078,2012,P2TF,Predicted Prokaryotic Transcription Factors,opaque,opaque
33216897,2020,PRID,predicted rat interactome database,opaque,opaque
32542382,2020,PRMdb,Predicted RNA Modifications in Plants,opaque,opaque
29855811,2018,P-PAL,Procura-PALavras,opaque,opaque
31620779,2020,PADS,prokaryotic antiviral defense system Arsenal,opaque,opaque
22096236,2012,ProOpDB,Prokaryotic Operon DataBase,opaque,opaque
33539888,2021,PPD,Prokaryotic Promoter Database,opaque,opaque
25324303,2015,P2CS,prokaryotic two-component systems database,opaque,opaque
27789703,2017,pVOGs,Prokaryotic Virus Orthologous Groups,opaque,opaque
21765097,2011,PGAT,Prokaryotic-genome Analysis Tool,opaque,opaque
32190163,2020,PLSD,Prospective Lynch Syndrome Database,opaque,opaque
23696878,2013,PEpiD,Prostate Epigenetic Database,opaque,opaque
23868073,2013,PANTHER,Protein Analysis Through Evolutionary Relationships,opaque,opaque
22674824,2012,PCDDB,Protein Circular Dichroism Data Bank,opaque,opaque
22800569,2013,PCBOST,Protein Classification Based on Structural Trees,opaque,opaque
28011869,2017,PCoM-DB,protein co-migration database,opaque,opaque
31584092,2020,PDBe-KB,Protein Data Bank in Europe-Knowledge Base,opaque,opaque
21976737,2012,PDBj,Protein Data Bank Japan,opaque,opaque
23203988,2013,PDBTM,Protein Data Bank of transmembrane proteins,opaque,opaque
33305318,2021,PED,Protein Ensemble Database,opaque,opaque
26673716,2016,Pfam,protein families database,opaque,opaque
30733462,2019,PFDB,protein folding kinetics database,opaque,opaque
23772554,2013,PRIMOS,Protein Interaction and Molecule Search,opaque,opaque
22067443,2012,PINA,Protein Interaction Network Analysis,opaque,opaque
25252779,2015,PIP-DB,Protein Isoelectric Point database,opaque,opaque
29662024,2018,PKIDB,Protein Kinase Inhibitor Database,opaque,opaque
28529077,2017,PLMD,protein lysine modification database,opaque,opaque
23624946,2013,PMP,Protein Model Portal,opaque,opaque
21031599,2011,PRO-MINE,PROtein Mutations In NEurodegeneration,opaque,opaque
26339475,2015,SwissPalm,Protein Palmitoylation database,opaque,opaque
26225242,2015,PhIN,protein pharmacology interaction network database,opaque,opaque
22080505,2012,PSCDB,Protein Structural Change DataBase,opaque,opaque
22669905,2012,PSC,protein surface classification,opaque,opaque
22589183,2012,PRDB,Protein Tandem Repeat DataBase,opaque,opaque
32119071,2020,ProCaff,protein-carbohydrate complex binding affinity database,opaque,opaque
26504143,2016,PDID,Protein-Drug Interaction Database,opaque,opaque
34504668,2021,PEN,Protein-gene Expression Nexus,opaque,opaque
26620522,2016,PPIM,Protein-Protein Interaction Database for Maize,opaque,opaque
30127348,2018,PPInS,Protein-Protein Interaction Sitesbase,opaque,opaque
21063943,2011,PRIDE,Proteomics Identifications Database,opaque,opaque
23193267,2013,PR(2),Protist Ribosomal Reference database,opaque,opaque
30217145,2018,PPGD,Pseudocohnilembus persalinus genome database,opaque,opaque
29106626,2018,PAMBD,Pseudomonas aeruginosa Metabolome Database,opaque,opaque
25964630,2015,PsyGeNET,Psychiatric disorders and Genes association NETwork,translucent,translucent
24340041,2013,POGs2,Putative orthologous Groups 2 Database,opaque,opaque
33002111,2020,PyDISH,Python-based database and analyzer for DIStortion of Heme porphyrin,opaque,opaque
24715219,2014,QAP,Quail Anatomy Portal,opaque,opaque
21656910,2011,QuAD,Quantitative Assay Database,opaque,opaque
31868683,2020,QPN,Quebec Parkinson Network,opaque,opaque
34559210,2021,QSDB,Quorum Sensing Database,opaque,opaque
33003203,2021,QSIdb,quorum sensing interference molecules,opaque,opaque
26912951,2015,RDIS,Rabies Disease Information System,opaque,opaque
33399824,2021,BnaGVD,rapeseed genomic variation database,opaque,translucent
21729256,2011,RASOnD,RAS Oncogene Database,opaque,opaque
30453895,2018,RATEmiRs,Rat Atlas of Tissue-specific and Enriched miRNAs,opaque,translucent
21296746,2011,RGD,Rat Genome Database,opaque,opaque
27794042,2017,RCSB PDB,RCSB protein data bank,opaque,opaque
28850115,2017,RefEx,Reference Expression dataset,opaque,opaque
24259432,2014,RefSeq,Reference Sequence Database,opaque,opaque
26975833,2016,REGene,REgeneration Gene database,opaque,translucent
26478709,2015,RAMS,Register of Antarctic Marine Species,opaque,opaque
26876983,2016,RAAR,Regulators of Androgen Action Resource,opaque,opaque
22608002,2012,RCDB,Renal Cancer Gene Database,opaque,opaque
25252782,2014,RGED,Renal Gene Expression Database,opaque,opaque
21938212,2011,RiDs db,Repeats in diseases database,opaque,opaque
22140215,2011,RAC,Repository of Antibiotic resistance Cassettes,opaque,opaque
30794542,2019,RESPIRE,Repository of Enriched Structures of Proteins Involved in the Red Blood Cell Environment,opaque,opaque
28862214,2017,RespCanDB,Respiratory cancer database,opaque,translucent
27377064,2016,RID,Retrovirus Integration Database,opaque,opaque
34022814,2021,RPGD,Rhododendron Plant Genome Database,opaque,opaque
24288368,2014,RDP,Ribosomal Database Project,opaque,opaque
25414355,2015,rrnDB,ribosomal RNA operon copy number database,opaque,opaque
23299411,2013,RAP-DB,Rice Annotation Project Database,opaque,opaque
28529082,2017,RED,Rice Expression Database,opaque,opaque
23193278,2013,RGKbase,Rice Genome Knowledgebase,opaque,opaque
24279809,2012,ROAD,Rice Oligonucleotide Array Database,opaque,opaque
27940610,2017,RPAN,Rice Pan-genome Browser,opaque,opaque
31872320,2019,RSRS,Rice Stress-Resistant SNP database,opaque,opaque
29989091,2018,RicyerDB,Rice Yield-related Database,opaque,opaque
33068412,2021,RASP,RNA Atlas of Structure Probing,opaque,opaque
22127861,2012,RNA CoSSMos,RNA Characterization of Secondary Structure Motifs,translucent,translucent
32345346,2020,REPIC,RNA EPItranscriptome Collection,opaque,opaque
22976082,2012,RMDB,RNA Mapping DataBase,opaque,opaque
29040692,2018,RMBase,RNA Modification Base,opaque,opaque
28077569,2017,RAIN,RNA-protein Association and Interaction Networks,opaque,opaque
29028888,2018,RRDB,RNA-RNA docking benchmark,opaque,opaque
21586118,2011,RCGDB,Roche Cancer Genome Database,opaque,opaque
32849839,2020,RIGD,Rosaceae Intronless Genes Database,opaque,opaque
22110037,2012,SGD,Saccharomyces Genome Database,opaque,opaque
25881271,2015,STPD,Salinity Tolerant Poplar Database,opaque,opaque
22493538,2012,Ssa miRNAs DB,Salmo salar miRNAs Database,opaque,translucent
26800248,2016,SISTR,Salmonella In Silico Typing Resource,opaque,opaque
32709339,2020,SMSD,saponin mass spectrometry database,opaque,opaque
33553941,2021,SARSCOVIDB,SARS-CoV-2 infection database,opaque,transparent
29774137,2018,SACPD,Saudi anti-human cancer plants database,opaque,opaque
32813752,2020,SVAD,SCD-associated Variants Annotation Database,opaque,opaque
26138588,2015,SmedGD,Schmidtea mediterranea Genome Database,opaque,opaque
33459764,2021,SWITCHES,Searchable Web Interface for Topologies of CHEmical Switches,opaque,opaque
21423723,2011,SWMD,Seaweed metabolite database,opaque,opaque
29062930,2016,SMBP,Secondary Metabolite Bioinformatics Portal,opaque,opaque
22701460,2012,SPWP,Seed Proteome Web Portal,opaque,opaque
29309507,2019,SEGreg,SEG regulation database,opaque,opaque
30202870,2019,SequencEnG,Sequencing Techniques Engine for Genomics,opaque,translucent
23724943,2013,SGWHC,Sex and Gender Women's Health Collaborative,opaque,opaque
30714194,2019,SDRED,Short-chain Dehydrogenases/Reductases Engineering Database,opaque,opaque
24952385,2014,ShrimpGPAT,Shrimp Gene and Protein Annotation Tool,translucent,translucent
26467481,2016,SIGNOR,SIGnaling Network Open Resource,opaque,opaque
31672983,2019,SPP,Signaling Pathways Project,opaque,opaque
33645624,2021,KAIKObase,silkworm genome database,opaque,opaque
28365723,2017,SilkPathDB,Silkworm Pathogen Database,opaque,translucent
24165881,2014,SIMAP,Similarity Matrix of Proteins,opaque,opaque
29040681,2018,SMART,Simple Modular Architecture Research Tool,opaque,opaque
22759918,2012,SSKB,Sjgren's Syndrome Knowledge Base,opaque,opaque
29059366,2018,SBCDDB,Sleeping Beauty Cancer Driver Database,opaque,opaque
27297221,2016,sHSPdb,small Heat Shock Proteins database,opaque,opaque
24203708,2014,SMPDB,Small Molecule Pathway Database,opaque,opaque
34536568,2021,SmProt,small proteins database,opaque,opaque
29733404,2018,SPAR,Small RNA-seq Portal for Analysis of sequencing expeRiments ,opaque,opaque
30674925,2019,SMTB,Smooth Muscle Transcriptome Browser,opaque,opaque
24148649,2013,snOPY,snoRNA orthological gene database,opaque,opaque
25428362,2015,SGN,Sol Genomics Network,opaque,opaque
34344425,2021,SorGSD,Sorghum Genome SNP Database,opaque,opaque
26097510,2015,SANCDB,South African Natural Compounds Database,opaque,opaque
24504151,2014,SATuRN,Southern African Treatment Resistance Network,opaque,opaque
24712981,2014,SFGD,Soybean Functional Genomics Database,opaque,opaque
24136998,2014,SoyKB,Soybean Knowledge Base,opaque,translucent
23423175,2013,SoyProDB,soybean protein database,opaque,translucent
22661982,2012,SPD,Soybean Proteome Database,opaque,opaque
33231322,2021,SoyTD,Soybean transporter database,opaque,translucent
32976581,2021,STAB,Spatio-Temporal cell Atlas of the human Brain,opaque,opaque
28420402,2017,SSER,Species specific essential reactions database,opaque,opaque
30602089,2018,STADIUM,Species-specific tRNA adaptive index compendium,opaque,opaque
24531082,2014,SMAL,Spontaneous Mutation Accumulation Lines,opaque,opaque
23180763,2013,SEVA-DB,Standard European Vector Architecture,opaque,opaque
25805861,2015,SRD,Staphylococcal Regulatory RNA Database,opaque,opaque
22121217,2012,SCDE,Stem Cell Discovery Engine,opaque,opaque
28888135,2017,STRSeq,STR Sequencing Project ,opaque,opaque
25269378,2014,SPGDB,Streptococcus pneumoniae Genome Database,opaque,opaque
23284744,2012,StRAP,Stress Response Array Profiler,opaque,opaque
24214988,2014,SAbDab,Structural antibody database,opaque,opaque
21472436,2011,SBKB,Structural Biology Knowledgebase,opaque,opaque
31724711,2020,SCOP,Structural Classification of Proteins,opaque,opaque
24304899,2014,SCOPe,Structural Classification of Proteins-extended,opaque,opaque
29087479,2018,STCRDab,Structural T-cell Receptor Database,opaque,opaque
30721533,2019,SiMPLOD,Structurally-integrated database for Mutations of PLOD genes,opaque,opaque
23203869,2013,SIFTS,"Structure Integration with Function, Taxonomy and Sequences Resource",opaque,opaque
24271399,2014,SFLD,Structure-Function Linkage Database,opaque,opaque
21292827,2011,SSFA-GPHR,Structure-Function-Analysis of Glycoprotein Hormone Receptors,opaque,opaque
27899614,2017,SUBA4,SUBcellular location database for Arabidopsis proteins,opaque,opaque
26578594,2016,SEA,Super-Enhancer Archive,opaque,opaque
21575179,2011,SORGOdb,Superoxide Reductase Gene Ontology curated DataBase,opaque,opaque
32761141,2020,SPDB,Swine Pathogen Database,opaque,opaque
27899672,2017,SMR,SWISS-MODEL Repository,opaque,opaque
32621601,2020,SAGER,Symbiodiniaceae and Algal Genomic Resource Database,opaque,opaque
32055857,2020,SymGenDB,Symbiotic Genomes Database,opaque,translucent
33177514,2020,SAVI,Synthetically Accessible Virtual Inventory,opaque,opaque
24323624,2014,SABRE,Systematic consolidation of Arabidopsis and other Botanical Resources,opaque,opaque
23730305,2013,SGR,Systems Genetics Resource,opaque,opaque
27412095,2016,SSBD,Systems Science of Biological Dynamics database,opaque,opaque
31240309,2019,TCR3d,T cell receptor structural repertoire database,opaque,opaque
32882008,2021,TBDB,T-box Riboswitch Annotation Database,opaque,opaque
33156327,2021,TCRD,Target Central Resource Database,opaque,opaque
34679164,2021,T-ARDIS,Target-Adverse Reaction Database Integrated Search,opaque,opaque
33993461,2021,TUPDB,Target-Unrelated Peptide Data Bank,opaque,opaque
26131021,2015,TaxKB,Taxane knowledge base,opaque,opaque
25224438,2014,TMDB,Tea Metabolome database,opaque,opaque
30913342,2019,TPIA,Tea Plant Information Archive,opaque,opaque
25792605,2015,TeloPIN,Telomeric Proteins Interaction Network,opaque,opaque
32727974,2020,TEMPURA,TEMPeratures of Usual and RAre prokaryotes,opaque,opaque
32265943,2020,TOAST,Test Of Arabidopsis Space Transcriptome,opaque,opaque
30810209,2019,TCGD,Tetrahymena Comparative Genomics Database,opaque,opaque
23482072,2013,TetraFGD,Tetrahymena functional genomics database,opaque,opaque
21253873,2011,TGED,Tetrahymena Gene Expression Database,opaque,opaque
22434841,2012,TGD,Tetrahymena Genome Database,opaque,opaque
23406793,2013,T-HOD,"Text-mined Hypertension, Obesity and Diabetes candidate gene database ",opaque,opaque
33258964,2020,ThRSDB,Thai Rice Starch Database,opaque,opaque
21383924,2011,TAMI,The Antimicrobial Index,opaque,opaque
22140109,2012,TAIR,The Arabidopsis Information Resource,opaque,opaque
26208906,2015,TANRIC,The Atlas of Noncoding RNAs in Cancer,opaque,opaque
29157087,2018,THANATOS,"The Autophagy, Necrosis, ApopTosis OrchestratorS",opaque,opaque
30053266,2018,TC3A,The Cancer 3' UTR Atlas,opaque,opaque
31015229,2019,TCEA,The Cancer Editome Atlas,opaque,opaque
29092939,2017,TCPA,The Cancer Proteome Atlas,opaque,opaque
23093603,2013,TOPPR,The Online Protein Processing Resource,opaque,opaque
23293959,2013,3DMET,Three-dimensional structure database of natural metabolites,opaque,opaque
27168721,2016,TCCR,Thyroid Cancer and Tumor Collaborative Registry,opaque,opaque
29036590,2018,TissGDB,Tissue specific Gene DataBase in cancer,opaque,translucent
27543790,2017,TSCD,Tissue-Specific CircRNA Database,opaque,opaque
31680168,2020,TSEA-DB,Tissue-Specific Enrichment Analysis DataBase,opaque,opaque
24466070,2014,TGRD,Tomato Genomic Resources Database,opaque,opaque
32829394,2020,TGV,Tomato Genomic Variation,opaque,opaque
25392424,2015,TOPDB,Topology Data Bank of Transmembrane Proteins,opaque,opaque
23515433,2013,TIARA,Total Integrated Archive of short-Read and Array,opaque,opaque
34407614,2021,TAP,Tracking Air Pollution in China,opaque,opaque
34273956,2021,TCM-Blast,traditional Chinese Medicine Basic Local Alignment Search Tool,opaque,opaque
23203875,2013,TCMID,Traditional Chinese Medicine Integrated Database,opaque,opaque
24735618,2014,TCMSP,traditional Chinese medicine systems pharmacology database and analysis platform,opaque,opaque
34244719,2021,TIDB,Trained Immunity DataBase,opaque,opaque
26066708,2015,TRRUST,transcriptional regulatory relationships unravelled by sentence-based text-mining,opaque,opaque
30846808,2019,TACCO,Transcriptome Alterations in CanCer Omnibus,opaque,opaque
26578693,2016,TENOR,Transcriptome ENcyclopedia Of Rice,opaque,opaque
24675620,2014,TIBS,Transcriptome of Irritable Bowel Syndrome,opaque,opaque
32277449,2020,TGP,TransGene Promoters,opaque,opaque
23071747,2012,TRIP,TRansient receptor potential channel-Interacting Protein Database,opaque,opaque
21177659,2011,TMPad,TransMembrane Protein Helix-Packing Database,opaque,opaque
24225317,2014,TCDB,Transporter Classification Database,opaque,opaque
32512488,2020,TTRMDB,Transthyretin mutant database,opaque,opaque
25413576,2014,TreeshrewDB,Tree shrew database,opaque,transparent
29234333,2017,TaSSRDb,Triticum aestivum SSR database,opaque,opaque
25324314,2015,TTSMI,TTS Mapping and Integration,opaque,opaque
22209237,2012,MTCID,Tuberculosis clinical isolate genetic polymorphism database,opaque,opaque
33179754,2021,TISCH,Tumor Immune Single Cell Hub,opaque,opaque
33729437,2021,TIE,Tumor IsomiR Encyclopedia,opaque,opaque
23066107,2013,TSGene,Tumor Suppressor Gene database,opaque,translucent
30223042,2018,TSNAdb,tumor-specific neoantigen database,opaque,opaque
23226127,2012,UMCD,UCLA Multimodal Connectivity Database,opaque,opaque
22080555,2012,arCOG,UCSC Archaeal Genome Browser,opaque,opaque
26199991,2015,UCDB,Ulcerative Colitis Database,opaque,opaque
22218860,2012,UniHI,Unified Human Interactome,opaque,opaque
23314752,2013,UniVIO,Uniformed Viewer for Integrated Omics,opaque,opaque
27813701,2017,UNcleProt,Universal Nuclear Protein database of barley,opaque,translucent
25378322,2015,UniPROBE,Universal PBM Resource for Oligonucleotide Binding Evaluation,opaque,opaque
21447597,2011,UniProtKB,Universal Protein Resource,translucent,translucent
27242032,2016,URSDB,Universe of RNA Structures DataBase,opaque,opaque
21876203,2011,UPB,Urinary Protein Biomarker,opaque,opaque
25935546,2015,u-CARE,user-friendly Comprehensive Antibiotic resistance Repository of Escherichia coli,opaque,opaque
23568467,2013,VIOLIN,Vaccine Investigation and Online Information Network ,opaque,opaque
33095866,2021,VARAdb,variation annotation database,opaque,translucent
22715306,2012,VPTD,vegetable phytochemicals and their target database,opaque,opaque
28365718,2017,VerSeDa,vertebrate secretome database,opaque,opaque
24267744,2013,VTO,Vertebrate Taxonomy Ontology,opaque,opaque
31837751,2019,VetCOT,Veterinary Trauma Registry,opaque,opaque
26644460,2016,VigGS,Vigna Genome Server,opaque,opaque
31245720,2018,VPGD,VIGS phenomics and functional genomics database,opaque,opaque
33594411,2021,ViralHostRangeDB,Viral Host Range database,opaque,transparent
31598702,2020,VISDB,Viral Integration Site DataBase,opaque,opaque
22160653,2012,vHoT,viral microRNA host target,opaque,opaque
33094321,2021,VPTMdb,viral posttranslational modification database,opaque,opaque
22735743,2012,VIP DB,VIral Protein domain DataBase,opaque,opaque
21769196,2011,VPDB,Viral Protein Structural Database,opaque,opaque
30465539,2018,VCGDB,Virtual Chinese Genome Database,opaque,opaque
23734609,2013,VAMMPIRE,Virtually Aligned Matched Molecular Pairs Including Receptor Environment,opaque,opaque
22067448,2012,VFDB,virulence factor database,opaque,opaque
30265627,2018,VIPERdb,Virus Particle ExploreR data base,opaque,opaque
30593617,2019,ViPR,Virus Pathogen Resource,opaque,opaque
24304891,2014,Virus Variation,Virus Variation Resource,opaque,transparent
31274965,2019,vMS-Share,Visual Mass-Spec Share,opaque,opaque
32509450,2020,VIRdb,Vitiligo Information Resource,opaque,opaque
27242836,2016,VESPUCCI,Vitis Expression Studies Platform Using COLOMBOS Compendia Instances,opaque,opaque
32221380,2020,WeiBI,Wei Biological Interactions Database,opaque,opaque
33181826,2020,WGVD,Wheat Genome Variation Database,opaque,opaque
25466819,2015,WATRefNet,White Adipose Tissue Health Reference Network,opaque,opaque
33216899,2020,WCSdb,Wild Coffee Species database,opaque,opaque
26078228,2015,WFRGdb,Wood-Formation Related Genes database,opaque,opaque
33756618,2021,WCO-Lite,World Catalogue of Opiliones,opaque,opaque
32431267,2020,WWARN,WorldWide Antimalarial Resistance Network,opaque,opaque
29533231,2018,wwPDB,Worldwide Protein Data Bank,opaque,opaque
23172286,2013,WDDD,Worm Developmental Dynamics Database,opaque,opaque
24013926,2013,XDB,Xeno-glycomics database,opaque,opaque
23125366,2013,Xenbase,Xenopus model organism database,transparent,translucent
23134687,2012,YGD,Yak Genome Database,opaque,opaque
30048518,2018,YARG,Yeast Arsenic-Related Genes,opaque,opaque
27392072,2016,YCRD,Yeast Combinatorial Regulation Database,opaque,opaque
32738156,2020,YIR,yeast interactome resource,opaque,opaque
21492431,2011,KID,Yeast Kinase Interaction Database,opaque,opaque
22064855,2012,YMDB,Yeast Metabolome Database,opaque,opaque
25522035,2014,YNA,Yeast Nucleosome Atlas,opaque,opaque
34285772,2021,YPIBP,Yeast Phosphoinositide-Binding Proteins,opaque,opaque
25024351,2014,yStreX,yeast stress expression database,opaque,opaque
22102575,2012,YeTFaSCo,Yeast Transcription Factor Specificity Compendium,opaque,translucent
24608172,2014,YTRP,Yeast Transcriptional Regulatory Pathway,opaque,opaque
22325123,2012,YADAMP,yet another database of antimicrobial peptides,opaque,opaque
23411719,2013,YY1TargetDB,Yin Yang 1 Target loci Database,opaque,translucent
23180778,2013,ZInC,Zebrafish Insertion Collection,opaque,opaque
23074187,2013,ZFIN,Zebrafish Model Organism Database,opaque,opaque
27097230,2016,SignaFish,Zebrafish-Specific Signaling Pathway Resource,translucent,translucent
31512145,2020,ZIKAVID,ZIKA Virus Infection Database,opaque,opaque
23203887,2013,ZiFDB,Zinc Finger Database,opaque,opaque
21276248,2011,ZFNGenome,Zinc Finger Nuclease Genome,translucent,translucent